location_id	aquifer	latitude	longitude	ground_elevation	geologic_unit_code	well_installation_date	total_well_depth_[ft]	well_diameter_[in]	screen_top_[ft]	screen_bottom_[ft]	comments	well_completion_report_url	location_type	monitoring_area	watershed	well_status	inactive_date	toc_elevation	lwa_notes	source	reason_code
03-B-13	Intermediate	35.87374	-106.33008	7458.26	Qbt3	6/10/2005 0:00	32	1/2/1900 0:00	21.5	31.5	Ground surface elevation, NULL, Ground surface elevation, Ground surface elevation	NULL	MON	General	Pajarito	A	NULL	[84]		Well Info	Active, Exceedance, Substantial
18-MW-18	Alluvial	35.83237	-106.25166	6654.7	Qal	7/31/1995 0:00	1/23/1900 0:00	1/2/1900 0:00	12.5	23	NULL, NULL, TA-18	NULL	NULL	TA-54	Pajarito	A	NULL	[84]	Ground Elevation updated from MW	Well Info	Active, Exceedance, Substantial
CrEX-1	NULL	35.85785	-106.25667	6831.303	NULL	NULL	NULL	NULL	NULL	NULL	NULL, NULL, Coordinates from LANL	NULL	NULL	Chromium	Lower Mortendad	NULL	NULL	[84]	Ground Elevation updated from MW	Well Info	Active, Exceedance
CrEX-2	NULL	35.85898	-106.26088	NULL	NULL	NULL	NULL	NULL	NULL	NULL	NULL, NULL	NULL	NULL	Chromium	Lower Mortendad	NULL	NULL	[84]		Well Info	Active, Exceedance
CrEX-3	Regional	35.85967	-106.25495	6734.601	Tpf	NULL	1004.5	8 in	909.6	948.8	NULL, NULL	NULL	NULL	Chromium	Lower Mortendad	NULL	NULL	[84]	Aquifer updated from MW, Ground Elevation updated from MW, Geologic Unit Code updated from MW, Total Well Depth [ft] updated from MW, Well Diameter [in] updated from MW, Screen Top [ft] updated from MW, Screen Bottom [ft] updated from MW	Well Info	Active, Exceedance
CrIN-1	NULL	35.85997	-106.2511	6705	NULL	NULL	NULL	NULL	NULL	NULL	NULL, NULL	NULL	INJ	Chromium	Lower Mortendad	NULL	NULL	[84]		Well Info	Active, Exceedance
CrIN-2	NULL	35.85865	-106.25197	NULL	NULL	NULL	NULL	NULL	NULL	NULL	NULL, NULL	NULL	NULL	Chromium	Lower Mortendad	NULL	NULL	[84]		Well Info	Active, Exceedance
CrIN-3	NULL	35.85679	-106.25178	NULL	NULL	NULL	NULL	NULL	NULL	NULL	NULL, NULL	NULL	NULL	Chromium	Lower Mortendad	NULL	NULL	[84]		Well Info	Active, Exceedance
CrIN-4	NULL	35.8565	-106.25522	NULL	NULL	NULL	NULL	NULL	NULL	NULL	NULL, NULL	NULL	NULL	Chromium	Lower Mortendad	NULL	NULL	[84]		Well Info	Active, Exceedance
CrIN-5	NULL	35.85648	-106.25585	NULL	NULL	NULL	NULL	NULL	NULL	NULL	NULL, NULL	NULL	NULL	Chromium	Lower Mortendad	NULL	NULL	[84]		Well Info	Active, Exceedance
CRPZ-2 S1	NULL	35.86028	-106.25606	NULL	NULL	NULL	NULL	NULL	NULL	NULL	NULL, NULL	NULL	NULL	Chromium	Lower Mortendad	NULL	NULL	[84]		Well Info	Active, Exceedance
CRPZ-2 S2	NULL	35.86028	-106.25606	NULL	NULL	NULL	NULL	NULL	NULL	NULL	NULL, NULL	NULL	NULL	Chromium	Lower Mortendad	NULL	NULL	[84]		Well Info	Active, Exceedance
CRPZ-3	NULL	35.86122	-106.26005	NULL	NULL	NULL	NULL	NULL	NULL	NULL	NULL, NULL	NULL	NULL	Chromium	Lower Mortendad	NULL	NULL	[84]		Well Info	Active, Exceedance
CRPZ-4	NULL	35.86115	-106.26329	NULL	NULL	NULL	NULL	NULL	NULL	NULL	NULL, NULL	NULL	NULL	Chromium	Lower Mortendad	NULL	NULL	[84]		Well Info	Active, Exceedance
CRPZ-5	NULL	35.86036	-106.26489	NULL	NULL	NULL	NULL	NULL	NULL	NULL	NULL, NULL	NULL	NULL	Chromium	Lower Mortendad	NULL	NULL	[84]		Well Info	Active, Exceedance
LADP-3	Intermediate	35.87418	-106.27507	6754.19	Qbog	12/17/1993 0:00	326	1/2/1900 0:00	316	325	NULL, NULL, Brass Cap, Brass Cap, 21-1682 (second label). Drill hole OU-1106(TA-21): geo/hydro investigative	NULL	NULL	TA-21	Los Alamos	A	NULL	[84]	Ground Elevation updated from MW	Well Info	Active, Exceedance, Substantial
LAO-3a	Alluvial	35.87317	-106.25822	6609.1	Qal	9/14/1989 0:00	1/14/1900 16:48	1/2/1900 0:00	4.7	14.7	NULL, NULL, Elevation revised based on LIDAR surface location pick, Elevation revised based on LIDAR surface location pick	NULL	NULL	TA-21	Los Alamos	A	NULL	[84]	Ground Elevation updated from MW	Well Info	Active, Exceedance, Substantial
LAOI(a)-1.1	Intermediate	35.87543	-106.28709	6835.2	Qbog	11/8/1994 0:00	11/5/1900 4:48	1/3/1900 0:00	295.2	305	NULL, NULL	NULL	NULL	TA-21	Los Alamos	A	NULL	[84]	Ground Elevation updated from MW	Well Info	Active, Exceedance, Substantial
LAOI-3.2	Intermediate	35.87308	-106.25937	6622.6	Qbog	3/1/2005 0:00	6/13/1900 0:00	1/2/1900 2:24	153.3	162.8	NULL, NULL, added for P Longmire.  Location data taken from Brass Cap survey data., added for P Longmire.  Location data taken from Brass Cap survey data.	NULL	NULL	TA-21	Los Alamos	A	NULL	[84]	Ground Elevation updated from MW	Well Info	Active, Exceedance, Substantial
LAOI-3.2a	Intermediate	35.87318	-106.25944	6624.43	Tpf	1/20/2006 0:00	7/12/1900 2:24	1/3/1900 2:24	181.4	191	NULL, NULL, Brass Cap Location, Brass Cap Location	NULL	NULL	TA-21	Los Alamos	A	NULL	[84]	Ground Elevation updated from MW	Well Info	Active, Exceedance, Substantial
LAOI-7	Intermediate	35.86901	-106.23524	6458.35	Tb4	9/21/2005 0:00	9/20/1900 21:36	1/3/1900 0:00	240	259.6	NULL, NULL, Brass Cap location Kleinfelder survey, Brass Cap location Kleinfelder survey	NULL	NULL	TA-21	Los Alamos	A	NULL	[84]	Ground Elevation updated from MW	Well Info	Active, Exceedance, Substantial
LAUZ-1	Alluvial	35.87787	-106.27357	7032.42	NULL	NULL	1/10/1900 13:12	4 in	5.35	10.35	NULL, DP Canyon, OU 1106 (TA-21), Surv-Tek Survey, Surv-Tek Survey	NULL	NULL	General	Los Alamos	A	NULL	[84]	Ground Elevation updated from MW, Well Diameter [in] updated from MW	Well Info	Active, Exceedance, Substantial
MCO-0.6	Alluvial	35.86789	-106.30545	7188.28	Qal	2/25/1999 0:00	3.1	1/2/1900 0:00	1.05	3.05	NULL, NULL	NULL	MON	General	Upper Mortendad	A	NULL	[84]		Well Info	Active, Exceedance, Substantial
MCO-5	Alluvial	35.86339	-106.27683	6875.66	Qal	10/1/1960 0:00	2/15/1900 0:00	1/3/1900 0:00	21	46	NULL, NULL	NULL	NULL	Chromium	Lower Mortendad	A	NULL	[84]	Ground Elevation updated from MW	Well Info	Active, Exceedance, Substantial
MCO-7	Alluvial	35.86056	-106.26991	6827.31	Qal	10/1/1960 0:00	3/9/1900 0:00	1/3/1900 0:00	39	69	NULL, NULL	NULL	NULL	Chromium	Lower Mortendad	A	NULL	[84]	Ground Elevation updated from MW	Well Info	Active, Exceedance, Substantial
MCOI-5	Intermediate	35.85999	-106.26744	6819.7	Tb4	10/25/2004 0:00	12/2/1901 16:48	1/4/1900 12:00	689.04	699	NULL, NULL, Brass Monument, Brass Monument, Brass Monument	NULL	NULL	Chromium	Lower Mortendad	A	NULL	[84]	Ground Elevation updated from MW	Well Info	Active, Exceedance, Substantial
MCOI-6	Intermediate	35.86034	-106.26711	6811.1	Tb4	1/13/2005 0:00	12/13/1901 4:48	1/4/1900 12:00	686	708.3	NULL, NULL, Brass Monument, Brass Monument, Brass Monument	NULL	NULL	Chromium	Lower Mortendad	A	NULL	[84]	Ground Elevation updated from MW	Well Info	Active, Exceedance, Substantial
O-1	Regional	35.87079	-106.21969	NULL	NULL	8/1/1990 0:00	11/1/1906 0:00	NULL	1017	2477	NULL, NULL	NULL	NULL	General	Los Alamos	A	NULL	[84]		Well Info	Active, Exceedance, Substantial
O-4	Regional	35.87288	-106.26039	NULL	NULL	3/1/1990 0:00	3/1/1907 0:00	NULL	1115	2596	NULL, NULL	NULL	NULL	TA-21	Los Alamos	A	NULL	[84]		Well Info	Active, Exceedance, Substantial
PAO-5n	Alluvial	35.87326	-106.22011	6369.79	Qal	3/24/1998 0:00	1/15/1900 6:43	1/4/1900 0:00	7.43	12.43	NULL, NULL	NULL	NULL	General	Los Alamos	A	NULL	[84]	Ground Elevation updated from MW	Well Info	Active, Exceedance, Substantial
PCAO-8	Alluvial	35.82722	-106.23837	6584.45	Qal	6/2/2008 0:00	1/25/1900 0:00	1/4/1900 0:00	9.7	19.7	Brass Cap, NULL, Brass Cap, Brass Cap	NULL	MON	TA-54	Pajarito	A	NULL	[84]		Well Info	Active, Exceedance, Substantial
PCI-2	Intermediate	35.85331	-106.29309	6920.95	Tpf	4/10/2009 0:00	6/16/1901 7:12	1/5/1900 0:00	512	522	NULL, NULL	NULL	NULL	General	Pajarito	A	NULL	[84]	Ground Elevation updated from MW	Well Info	Active, Exceedance, Substantial
PM-1	Regional	35.85947	-106.2253	NULL	NULL	2/1/1965 0:00	11/3/1906 0:00	NULL	945	2479	NULL, Water supply well	NULL	NULL	General	Sandia	A	NULL	[84]		Well Info	Active, Exceedance, Substantial
PM-2	Regional	35.8383	-106.26255	NULL	NULL	7/15/1965 0:00	4/18/1906 0:00	NULL	1004	2280	NULL, Water supply well	NULL	NULL	TA-54	Pajarito	A	NULL	[84]		Well Info	Active, Exceedance, Substantial
PM-3	Regional	35.86337	-106.24267	NULL	NULL	11/1/1966 0:00	12/26/1906 0:00	NULL	956	2532	NULL, Water supply well	NULL	NULL	General	Sandia	A	NULL	[84]		Well Info	Active, Exceedance, Substantial
PM-4	Regional	35.85021	-106.26618	NULL	NULL	8/15/1981 0:00	11/13/1907 0:00	NULL	1260	2854	NULL, Water supply well	NULL	NULL	General	Lower Mortendad	A	NULL	[84]		Well Info	Active, Exceedance, Substantial
PM-5	Regional	35.85858	-106.27803	NULL	NULL	9/1/1982 0:00	6/18/1908 0:00	NULL	1440	3072	NULL, Water supply well	NULL	NULL	General	Lower Mortendad	A	NULL	[84]		Well Info	Active, Exceedance, Substantial
POI-4	Intermediate	35.87176	-106.21957	6372.29	Tb4	5/13/1996 0:00	6/24/1900 12:00	1/4/1900 0:00	159	174	NULL, NULL, Survey of Aluminum disc, Survey of Aluminum disc	NULL	NULL	General	Los Alamos	A	NULL	[84]	Ground Elevation updated from MW	Well Info	Active, Exceedance, Substantial
R-1	Regional	35.86356	-106.27721	6881.21	Tp	3/12/2004 0:00	12/15/1902 2:24	1/4/1900 12:00	1031.12	1057.42	NULL, Well Development information from the field can be found in \\win.lanl.gov\dfs root\Pueblo\GWFA\Hard forms\Construction\R-1\Final Well IM Forms3., Coordinates obtained from Brass Cap Monument survey data in WCR., Coordinates obtained from Brass Cap Monument survey data in WCR., Coordinates obtained from Brass Cap Monument survey data in WCR.	NULL	NULL	Chromium	Lower Mortendad	A	NULL	[84]	Ground Elevation updated from MW	Well Info	Active, Exceedance, Substantial
R-10 S1	Regional	35.85027	-106.20597	6362.31	Tsf	NULL	NULL	NULL	874	897	NULL, NULL, Brass Cap location Kleinfelder survey, Brass Cap location Kleinfelder survey	NULL	NULL	General	Sandia	NULL	NULL	[84]	Ground Elevation updated from MW	Well Info	Active, Exceedance, Substantial
R-10 S2	Regional	35.85027	-106.20597	6362.31	Tsf	NULL	NULL	NULL	1042	1065	NULL, NULL, Brass Cap location Kleinfelder survey, Brass Cap location Kleinfelder survey	NULL	NULL	General	Sandia	NULL	NULL	[84]	Ground Elevation updated from MW	Well Info	Active, Exceedance, Substantial
R-10a	Regional	35.85032	-106.20615	6363.74	Tsf	8/18/2005 0:00	706	1/4/1900 11:02	690	700	NULL, Single Completion top of Regional Aquifer, Brass Cap location Kleinfelder survey, Brass Cap location Kleinfelder survey	NULL	NULL	General	Sandia	A	NULL	[84]	Ground Elevation updated from MW	Well Info	Active, Exceedance, Substantial
R-11	Regional	35.86288	-106.25154	6673.72	Tp	10/8/2004 0:00	6/19/1902 16:48	1/4/1900 12:00	855	877.9	NULL, Site restoration was being completed at time WCR was being written.  Should be completed Spring 2005.  No geologic, hydrogeologic, or geophysical data were collected during the drilling of the new R-11 well in 2004., Location information taken from the Brass Cap Monument of the new R-11 well., Location information taken from the Brass Cap Monument of the new R-11 well.	NULL	NULL	Chromium	Sandia	A	NULL	[84]	Ground Elevation updated from MW	Well Info	Active, Exceedance, Substantial
R-12 S2	Intermediate	35.85892	-106.22635	6499.6	Tp	NULL	NULL	NULL	504.5	508	NULL, NULL, Location information from Brass Cap survey data in WCR., Location information from Brass Cap survey data in WCR., original x, y, z = 1647398,1767947,6505.95	NULL	NULL	General	Sandia	NULL	NULL	[84]	Ground Elevation updated from MW	Well Info	Active, Exceedance, Substantial
R-13	Regional	35.8564	-106.24806	6673.05	Tp	10/6/2001 0:00	1029.4	1/4/1900 12:00	958.33	1018.72	NULL, NULL, Location information from Brass Cap survey data in WCR., Location information from Brass Cap survey data in WCR., original x, y = 1640988, 1766989	NULL	NULL	Chromium	Lower Mortendad	A	NULL	[84]	Ground Elevation updated from MW	Well Info	Active, Exceedance, Substantial
R-14 S1	Regional	35.86178	-106.28565	7062.08	Tp	NULL	NULL	NULL	1200.6	1233.2	NULL, NULL, Location info taken from Brass Cap survey data for R-14., Location info taken from Brass Cap survey data for R-14.	NULL	NULL	MDA C	Upper Mortendad	NULL	NULL	[84]	Ground Elevation updated from MW	Well Info	Active, Exceedance, Substantial
R-15	Regional	35.85991	-106.26724	6820	Tp	10/30/1999 0:00	1030.6	1/5/1900 0:00	958.6	1020.3	NULL, Well diameter corrected to 5 in., other records list it as 4.5 but WCR as built has 5" id, 5.56" od, Location info taken from Brass Monument survey data in R-15 WCR., Survey is from brass monument., Location info taken from Brass Monument survey data in R-15 WCR.	NULL	NULL	Chromium	Lower Mortendad	A	NULL	[84]	Ground Elevation updated from MW	Well Info	Active, Exceedance, Substantial
R-17 S1	Regional	35.85328	-106.29259	6921.51	Tpf	NULL	NULL	NULL	1057	1080	NULL, NULL, Brass Cap location Kleinfelder survey, Brass Cap location Kleinfelder survey	NULL	NULL	General	Pajarito	NULL	NULL	[84]	Ground Elevation updated from MW	Well Info	Active, Exceedance, Substantial
R-17 S2	Regional	35.85328	-106.29259	6921.51	Tpf	NULL	NULL	NULL	1124	1134	NULL, NULL, Brass Cap location Kleinfelder survey, Brass Cap location Kleinfelder survey	NULL	NULL	General	Pajarito	NULL	NULL	[84]	Ground Elevation updated from MW	Well Info	Active, Exceedance, Substantial
R-19 S2	Intermediate	35.83787	-106.28542	7066.3	Tp	NULL	NULL	NULL	893.3	909.6	NULL, NULL, original x, y, z = 1629920.1,1760250, 7066.9, Location info taken from Brass Cap survey data in R-19 WCR., Location info taken from Brass Cap survey data in R-19 WCR.	NULL	NULL	General	Pajarito	NULL	NULL	[84]	Ground Elevation updated from MW	Well Info	Active, Exceedance, Substantial
R-19 S3	Regional	35.83787	-106.28542	7066.3	Tpf	NULL	NULL	NULL	1171.4	1215.4	Location info taken from Brass Cap survey data in R-19 WCR., NULL, Location info taken from Brass Cap survey data in R-19 WCR., Location info taken from Brass Cap survey data in R-19 WCR.	NULL	MON	General	Pajarito	NULL	NULL	[84]		Well Info	Active, Exceedance, Substantial
R-19 S4	Regional	35.83787	-106.28542	7066.3	Tpf	NULL	NULL	NULL	1410.2	1417.4	Location info taken from Brass Cap survey data in R-19 WCR., NULL, Location info taken from Brass Cap survey data in R-19 WCR., Location info taken from Brass Cap survey data in R-19 WCR.	NULL	MON	General	Pajarito	NULL	NULL	[84]		Well Info	Active, Exceedance, Substantial
R-2	Regional	35.8874	-106.28679	6770.38	Tpf	10/28/2003 0:00	943.3	1/4/1900 12:00	906.4	929.6	NULL, Well Development information from the field can be found in \\win.lanl.gov\dfs root\Pueblo\GWFA\Hard forms\Construction\R-2\Final Well IM Forms2., Brass Cap xyz data taken by Lynn Engineering using static GPS elevation NGVD29., Brass Cap xyz data taken by Lynn Engineering using static GPS elevation NGVD29., Brass Cap xyz data taken by Lynn Engineering using static GPS elevation NGVD29.	NULL	NULL	General	Los Alamos	A	NULL	[84]	Ground Elevation updated from MW	Well Info	Active, Exceedance, Substantial
R-20 S1	Regional	35.83635	-106.25871	6694.35	Tb4	NULL	NULL	NULL	904.6	912.2	NULL, NULL, Location info taken from Brass Monument survey data from R-20 WCR., Location info taken from Brass Monument survey data from R-20 WCR.	NULL	NULL	TA-54	Pajarito	NULL	NULL	[84]	Ground Elevation updated from MW	Well Info	Active, Exceedance, Substantial
R-20 S2	Regional	35.83635	-106.25871	6694.35	Tjfp	NULL	NULL	NULL	1147.1	1154.7	NULL, NULL, Location info taken from Brass Monument survey data from R-20 WCR., Location info taken from Brass Monument survey data from R-20 WCR.	NULL	NULL	TA-54	Pajarito	NULL	NULL	[84]	Ground Elevation updated from MW	Well Info	Active, Exceedance, Substantial
R-21	Regional	35.83483	-106.24707	6656.24	Tp	11/26/2002 0:00	941.4	1/6/1900 0:00	888.8	906.8	NULL, Site restoration dates from WCR, Location info taken from Brass Monument survey data from R-21 WCR., Location info taken from Brass Monument survey data from R-21 WCR.	NULL	NULL	TA-54	Lower Mortendad	A	NULL	[84]	Ground Elevation updated from MW	Well Info	Active, Exceedance, Substantial
R-23	Regional	35.8239	-106.22471	6527.75	Tpt	10/2/2002 0:00	6/4/1902 7:12	1/4/1900 12:00	816	873.2	NULL, NULL, Brass Monument location, Brass Monument location	NULL	NULL	TA-54	Lower Mortendad	A	NULL	[84]	Ground Elevation updated from MW	Well Info	Active, Exceedance, Substantial
R-23i S1	Intermediate	35.82385	-106.22476	6527.88	Tb4	NULL	NULL	NULL	400.3	420	NULL, NULL, 4.5 inch casing. This corresponds to LANL's R-23i S2, Brass Cap location Kleinfelder survey, Brass Cap location Kleinfelder survey	NULL	NULL	TA-54	Lower Mortendad	NULL	NULL	[84]	Ground Elevation updated from MW	Well Info	Active, Exceedance, Substantial
R-23i S2	Intermediate	35.82385	-106.22476	6527.88	Tb4	NULL	NULL	NULL	470.2	480.1	NULL, NULL, 4.5 inch casing. This corresponds to LANL's R-23i S3, Brass Cap location Kleinfelder survey, Brass Cap location Kleinfelder survey	NULL	NULL	TA-54	Lower Mortendad	NULL	NULL	[84]	Ground Elevation updated from MW	Well Info	Active, Exceedance, Substantial
R-23i S3	Intermediate	35.82385	-106.22476	6527.88	Tb4	NULL	NULL	NULL	524	547	Brass Cap location Kleinfelder survey, NULL, Brass Cap location Kleinfelder survey, Brass Cap location Kleinfelder survey	NULL	MON	TA-54	Lower Mortendad	NULL	NULL	[84]		Well Info	Active, Exceedance, Substantial
R-24	Regional	35.88551	-106.23941	6547.38	Tsf	9/12/2005 0:00	861	1/4/1900 11:02	825	848	NULL, NULL, Kleinfelder survey Brass Cap location, Kleinfelder survey Brass Cap location, Brass cap	NULL	NULL	General	Los Alamos	A	NULL	[84]	Ground Elevation updated from MW	Well Info	Active, Substantial
R-28	Regional	35.86015	-106.25482	6728.61	Tpf	12/17/2003 0:00	9/6/1902 7:12	1/4/1900 12:00	934.3	958.1	NULL, NULL, original x, y, z = 1638357.25, 1768449.74, 6756, Location info taken from Brass cap monument survey data from R-28 WCR., Location info taken from Brass cap monument survey data from R-28 WCR.	NULL	NULL	Chromium	Lower Mortendad	A	NULL	[84]	Ground Elevation updated from MW	Well Info	Active, Exceedance, Substantial
R-3	Regional	35.87179	-106.2209	6395.88	Tsf	6/21/2010 0:00	10/2/1902 19:12	5 in	974.5	995	NULL, NULL, Brass cap survey location, Planned CY05 Location, Brass cap survey location	NULL	NULL	General	Los Alamos	A	NULL	[84]	Ground Elevation updated from MW, Geologic Unit Code updated from MW, Well Diameter [in] updated from MW	Well Info	Active, Exceedance, Substantial
R-32 S1	Regional	35.83095	-106.24872	6637.63	Tpt	NULL	NULL	NULL	867.5	875.2	NULL, NULL, Location info taken from Brass cap monument survey data from R-32 WCR., Location info taken from Brass cap monument survey data from R-32 WCR.	NULL	NULL	TA-54	Pajarito	NULL	NULL	[84]	Ground Elevation updated from MW	Well Info	Active, Exceedance, Substantial
R-33 S1	Regional	35.86062	-106.27368	6853.33	Tpp	NULL	NULL	NULL	995.5	1018.5	NULL, NULL, Location on mesa top near PM-5, Location info taken from Brass cap monument survey data from R-33 WCR., Location info taken from Brass cap monument survey data from R-33 WCR.	NULL	NULL	Chromium	Lower Mortendad	NULL	NULL	[84]	Ground Elevation updated from MW	Well Info	Active, Exceedance, Substantial
R-33 S2	Regional	35.86062	-106.27368	6853.33	Tpp	NULL	NULL	NULL	1112.4	1122.3	NULL, NULL, Location on mesa top near PM-5, Location info taken from Brass cap monument survey data from R-33 WCR., Location info taken from Brass cap monument survey data from R-33 WCR.	NULL	NULL	Chromium	Lower Mortendad	NULL	NULL	[84]	Ground Elevation updated from MW	Well Info	Active, Exceedance, Substantial
R-34	Regional	35.84825	-106.23927	6629.99	Tpp	9/10/2004 0:00	920.7	1/4/1900 12:00	883.7	906.6	NULL, R-34 completed depth is 920.7 ft from the completion report, Figure 7.2-1., San I Property., Location info taken from Brass cap monument survey data from R-34 WCR., Location info taken from Brass cap monument survey data from R-34 WCR.	NULL	NULL	General	Lower Mortendad	A	NULL	[84]	Ground Elevation updated from MW	Well Info	Active, Exceedance, Substantial
R-35a	Regional	35.86276	-106.24355	6623.06	Tsfu	6/22/2007 0:00	12/21/1902 4:48	1/4/1900 12:00	1013.1	1062.2	NULL, NULL, Brass monument survey  Resurvey 02/10/09, ER GIS, Brass monument survey  Resurvey 02/10/09	NULL	NULL	Chromium	Sandia	A	NULL	[84]	Ground Elevation updated from MW	Well Info	Active, Exceedance, Substantial
R-35b	Regional	35.8628	-106.24386	6625.21	Tpf	7/11/2007 0:00	5/21/1902 4:48	1/4/1900 12:00	825.4	848.5	NULL, NULL, Brass monument survey  resurvey 02/10/09, Brass monument survey  resurvey 02/10/09, ER GIS	NULL	NULL	Chromium	Sandia	A	NULL	[84]	Ground Elevation updated from MW	Well Info	Active, Exceedance, Substantial
R-36	Regional	35.85844	-106.23822	6591.37	Tsfu	2/12/2008 0:00	3/13/1902 16:48	1/4/1900 12:00	766.9	789.9	NULL, Preliminary data // ref elev is brass cap shown in WCR: 6589.91, Brass cap location resurvey of 2/10/09, Brass cap location resurvey of 2/10/09	NULL	NULL	Chromium	Sandia	A	NULL	[84]	Ground Elevation updated from MW	Well Info	Active, Exceedance, Substantial
R-37 S1	Intermediate	35.84437	-106.25873	6870.59	Tpf	NULL	NULL	NULL	929.3	950	NULL, NULL, Brass monument location, Brass monument location	NULL	NULL	TA-54	Lower Mortendad	NULL	NULL	[84]	Ground Elevation updated from MW	Well Info	Active, Exceedance, Substantial
R-37 S2	Regional	35.84437	-106.25873	6870.59	Tpf	NULL	NULL	NULL	1026	1046.6	NULL, NULL, Brass monument location, Brass monument location	NULL	NULL	TA-54	Lower Mortendad	NULL	NULL	[84]	Ground Elevation updated from MW	Well Info	Active, Exceedance, Substantial
R-38	Regional	35.83783	-106.24804	6668.58	Tpf	12/7/2008 0:00	853.4	1/5/1900 0:00	821.2	831.2	NULL, NULL, Brass cap location, Brass cap location	NULL	NULL	TA-54	Lower Mortendad	A	NULL	[84]	Ground Elevation updated from MW	Well Info	Active, Exceedance, Substantial
R-39	Regional	35.82754	-106.23455	6580.86	Tpf	11/24/2008 0:00	5/24/1902 14:24	1/5/1900 0:00	859	869	NULL, NULL, Brass cap location, Brass cap location	NULL	NULL	TA-54	Pajarito	A	NULL	[84]	Ground Elevation updated from MW	Well Info	Active, Substantial
R-3i	Intermediate	35.87179	-106.22037	6390.15	Tb4	8/16/2005 0:00	8/7/1900 8:09	2 in	215.2	220	NULL, New hole based on R-3 drilling activities, Brass monument survey from R-3i WCR, Brass monument survey from R-3i WCR, Brass monument survey from R-3i WCR	NULL	NULL	General	Los Alamos	A	NULL	[84]	Ground Elevation updated from MW, Geologic Unit Code updated from MW, Well Diameter [in] updated from MW	Well Info	Active, Exceedance, Substantial
R-4	Regional	35.8826	-106.25381	6577.49	Tp	1/6/2004 0:00	4/19/1902 0:00	4.5 in	792.9	816	NULL, NULL, Inactive emergency landing strip in Pueblo Canyon; TA-74. Location info taken from Brass cap monument survey data from R-4 WCR., Inactive emergency landing strip in Pueblo Canyon; TA-74. Location info taken from Brass cap monument survey data from R-4 WCR.	NULL	NULL	General	Los Alamos	A	NULL	[84]	Ground Elevation updated from MW, Geologic Unit Code updated from MW, Well Diameter [in] updated from MW	Well Info	Active, Exceedance, Substantial
R-40 S1	Intermediate	35.83939	-106.26278	6719.24	Tb4	NULL	NULL	NULL	751.59	785.06	NULL, NULL, Brass cap location, Brass cap location	NULL	NULL	TA-54	Pajarito	NULL	NULL	[84]	Ground Elevation updated from MW	Well Info	Active, Exceedance, Substantial
R-40 S2	Regional	35.83939	-106.26278	6719.24	Tpf	NULL	NULL	NULL	849.27	870	NULL, NULL, Brass cap location, Brass cap location	NULL	NULL	TA-54	Pajarito	NULL	NULL	[84]	Ground Elevation updated from MW	Well Info	Active, Exceedance, Substantial
R-40 Si	Intermediate	35.83939	-106.26278	6719.24	Tb4	NULL	NULL	NULL	649.67	669.02	Brass cap location, NULL, Brass cap location, Brass cap location	NULL	MON	TA-54	Pajarito	NULL	NULL	[84]		Well Info	Active, Exceedance, Substantial
R-41 S2	Regional	35.83099	-106.23381	6660.53	Tpt	NULL	NULL	NULL	965.3	975	NULL, NULL, Brass cap location, Brass cap location	NULL	NULL	TA-54	Lower Mortendad	NULL	NULL	[84]	Ground Elevation updated from MW	Well Info	Active, Exceedance, Substantial
R-42	Regional	35.86129	-106.25914	6759.02	Tsfuv	8/27/2008 0:00	973.5	1/5/1900 0:00	931.8	952.9	NULL, NULL, Brass Monument, Brass Monument	NULL	NULL	Chromium	Lower Mortendad	A	NULL	[84]	Ground Elevation updated from MW	Well Info	Active, Exceedance, Substantial
R-43 S1	Regional	35.8636	-106.26073	6732.65	Tsfu	NULL	NULL	NULL	903.9	924.6	NULL, NULL, Brass Cap location, Brass Cap location	NULL	NULL	Chromium	Sandia	NULL	NULL	[84]	Ground Elevation updated from MW	Well Info	Active, Exceedance, Substantial
R-43 S2	Regional	35.8636	-106.26073	6732.65	Tsfu	NULL	NULL	NULL	969.1	979.1	NULL, NULL, Brass Cap location, Brass Cap location	NULL	NULL	Chromium	Sandia	NULL	NULL	[84]	Ground Elevation updated from MW	Well Info	Active, Exceedance, Substantial
R-44 S1	Regional	35.85672	-106.2512	6714.91	Tpf	NULL	NULL	NULL	895	905	NULL, NULL, Brass cap location, Brass cap location	NULL	NULL	Chromium	Lower Mortendad	NULL	NULL	[84]	Ground Elevation updated from MW	Well Info	Active, Exceedance, Substantial
R-44 S2	Regional	35.85672	-106.2512	6714.91	Tpf	NULL	NULL	NULL	985.3	995.2	NULL, NULL, Brass cap location, Brass cap location	NULL	NULL	Chromium	Lower Mortendad	NULL	NULL	[84]	Ground Elevation updated from MW	Well Info	Active, Exceedance, Substantial
R-45 S1	Regional	35.85921	-106.25056	6704.02	Tpf	NULL	NULL	NULL	880	890	NULL, NULL, Brass cap location, Brass cap location	NULL	NULL	Chromium	Lower Mortendad	NULL	NULL	[84]	Ground Elevation updated from MW	Well Info	Active, Exceedance, Substantial
R-45 S2	Regional	35.85921	-106.25056	6704.02	Tjfp	NULL	NULL	NULL	974.9	994.9	NULL, NULL, Brass cap location, Brass cap location	NULL	NULL	Chromium	Lower Mortendad	NULL	NULL	[84]	Ground Elevation updated from MW	Well Info	Active, Exceedance, Substantial
R-46	Regional	35.85966	-106.29382	7213.33	Tpf	2/26/2009 0:00	1382.2	1/5/1900 0:00	1340	1360.7	NULL, NULL, Brass cap location, Brass cap location	NULL	NULL	MDA C	Upper Mortendad	A	NULL	[84]	Ground Elevation updated from MW	Well Info	Active, Exceedance, Substantial
R-49 S1	Regional	35.8273	-106.23825	6584.54	Tb4	NULL	NULL	NULL	845	855	NULL, NULL, Brass cap location, Brass cap location, Coordinates supplied by Dave Broxton	NULL	NULL	TA-54	Pajarito	NULL	NULL	[84]	Ground Elevation updated from MW	Well Info	Active, Exceedance, Substantial
R-49 S2	Regional	35.8273	-106.23825	6584.54	Tpt	NULL	NULL	NULL	905.6	926.4	NULL, NULL, Coordinates supplied by Dave Broxton, Brass cap location, Brass cap location	NULL	NULL	TA-54	Pajarito	NULL	NULL	[84]	Ground Elevation updated from MW	Well Info	Active, Exceedance, Substantial
R-5 S2	Intermediate	35.87307	-106.22877	6472.6	Tp	NULL	NULL	NULL	372.8	388.8	NULL, NULL, Location info taken from Brass cap monument survey data from R-5 WCR., Location info taken from Brass cap monument survey data from R-5 WCR., Original x, y = 1646709, 1773061	NULL	NULL	TA-21	Los Alamos	NULL	NULL	[84]	Ground Elevation updated from MW	Well Info	Active, Exceedance, Substantial
R-5 S3	Regional	35.87307	-106.22877	6472.6	Tsf	NULL	NULL	NULL	676.9	720.3	NULL, NULL, Location info taken from Brass cap monument survey data from R-5 WCR., Original x, y = 1646709, 1773061, Location info taken from Brass cap monument survey data from R-5 WCR.	NULL	NULL	TA-21	Los Alamos	NULL	NULL	[84]	Ground Elevation updated from MW	Well Info	Active, Exceedance, Substantial
R-50 S1	Regional	35.85666	-106.25591	6904.11	Tpf	NULL	NULL	NULL	1077	1087	NULL, NULL, Brass cap location, Brass Cap location, Brass Cap location	NULL	NULL	Chromium	Lower Mortendad	NULL	NULL	[84]	Ground Elevation updated from MW	Well Info	Active, Exceedance, Substantial
R-50 S2	Regional	35.85666	-106.25591	6904.11	Tsfu	NULL	NULL	NULL	1185	1205.6	NULL, NULL, Brass cap location, Brass Cap location, Brass Cap location	NULL	NULL	Chromium	Lower Mortendad	NULL	NULL	[84]	Ground Elevation updated from MW	Well Info	Active, Exceedance, Substantial
R-51 S1	Regional	35.84263	-106.26934	6762.17	Tpf	NULL	NULL	NULL	914.96	925.24	NULL, NULL, brass cap location, brass cap location, Brass cap location	NULL	NULL	TA-54	Pajarito	NULL	NULL	[84]	Ground Elevation updated from MW	Well Info	Active, Exceedance, Substantial
R-51 S2	Regional	35.84263	-106.26934	6762.17	Tpf	NULL	NULL	NULL	1030.96	1041	NULL, NULL, brass cap location, Brass cap location, brass cap location	NULL	NULL	TA-54	Pajarito	NULL	NULL	[84]	Ground Elevation updated from MW	Well Info	Active, Exceedance, Substantial
R-52 S1	Regional	35.84495	-106.26157	6883.04	Tpf	NULL	NULL	NULL	1035.2	1055.7	NULL, NULL, Brass cap location, Brass cap location, Brass cap location	NULL	NULL	TA-54	Lower Mortendad	NULL	NULL	[84]	Ground Elevation updated from MW	Well Info	Active, Exceedance, Substantial
R-52 S2	Regional	35.84495	-106.26157	6883.04	Tpf	NULL	NULL	NULL	1107	1117	NULL, NULL, Brass cap location, Brass cap location, Brass cap location	NULL	NULL	TA-54	Lower Mortendad	NULL	NULL	[84]	Ground Elevation updated from MW	Well Info	Active, Exceedance, Substantial
R-53 S1	Regional	35.8368	-106.25104	6689.98	Tpf	NULL	NULL	NULL	849.2	859.2	NULL, NULL, estimated location pending survey, brass cap location, brass cap location	NULL	NULL	TA-54	Lower Mortendad	NULL	NULL	[84]	Ground Elevation updated from MW	Well Info	Active, Exceedance, Substantial
R-53 S2	Regional	35.8368	-106.25104	6689.98	Tpf	NULL	NULL	NULL	959.7	980.2	NULL, NULL, brass cap location, estimated location pending survey, brass cap location	NULL	NULL	TA-54	Lower Mortendad	NULL	NULL	[84]	Ground Elevation updated from MW	Well Info	Active, Exceedance, Substantial
R-54 S2	Regional	35.83609	-106.25544	6679.85	Tpf	NULL	NULL	NULL	915	925	NULL, NULL, Brass Cap location, Brass Cap location, Brass cap location	NULL	NULL	TA-54	Pajarito	NULL	NULL	[84]	Ground Elevation updated from MW	Well Info	Active, Exceedance, Substantial
R-55 S1	Regional	35.82969	-106.22751	6533.86	Tpt	NULL	NULL	NULL	860	880.6	NULL, NULL, Brass cap surveyed location, brass cap surveyed location, brass cap surveyed location	NULL	NULL	TA-54	Lower Mortendad	NULL	NULL	[84]	Ground Elevation updated from MW	Well Info	Active, Exceedance, Substantial
R-55 S2	Regional	35.82969	-106.22751	6533.86	Tcar	NULL	NULL	NULL	994.4	1015.4	NULL, NULL, Brass cap surveyed location, brass cap surveyed location, brass cap surveyed location	NULL	NULL	TA-54	Lower Mortendad	NULL	NULL	[84]	Ground Elevation updated from MW	Well Info	Active, Exceedance, Substantial
R-56 S1	Regional	35.83456	-106.24969	6780.88	Tpf	NULL	NULL	NULL	945	965.6	NULL, NULL, brass cap location, brass cap location, Brass cap location	NULL	NULL	TA-54	Lower Mortendad	NULL	NULL	[84]	Ground Elevation updated from MW	Well Info	Active, Exceedance, Substantial
R-56 S2	Regional	35.83456	-106.24969	6780.88	Tpf	NULL	NULL	NULL	1046.6	1067.1	NULL, NULL, brass cap location, Brass cap location, brass cap location	NULL	NULL	TA-54	Lower Mortendad	NULL	NULL	[84]	Ground Elevation updated from MW	Well Info	Active, Exceedance, Substantial
R-57 S1	Regional	35.82987	-106.23417	6648.04	Tb4	NULL	NULL	NULL	910	930.5	NULL, NULL, Brass cap location, Brass cap location, Brass cap location	NULL	NULL	TA-54	Lower Mortendad	NULL	NULL	[84]	Ground Elevation updated from MW	Well Info	Active, Exceedance, Substantial
R-57 S2	Regional	35.82987	-106.23417	6648.04	Tpt	NULL	NULL	NULL	971.5	992.1	NULL, NULL, Brass cap location, Brass cap location, Brass cap location	NULL	NULL	TA-54	Lower Mortendad	NULL	NULL	[84]	Ground Elevation updated from MW	Well Info	Active, Exceedance, Substantial
R-6	Regional	35.87533	-106.26487	6995.8	Tf	12/4/2004 0:00	1252	1/4/1900 12:00	1205	1228	NULL, Surface Pad installation date is Surface Pad Start Date on IMF. Comp Depth set at bottom of casing. Surface pad thickness reported as 6, Location info taken from Brass cap monument survey data from R-6/R-6i WCR., Location info taken from Brass cap monument survey data from R-6/R-6i WCR.	NULL	NULL	TA-21	Los Alamos	A	NULL	[84]	Ground Elevation updated from MW	Well Info	Active, Exceedance, Substantial
R-60	Regional	35.86057	-106.29618	7228.17	Tpf	10/18/2010 0:00	9/21/1903 21:36	1/5/1900 0:00	1330	1350.9	NULL, NULL, Brass Cap location from well completion report, Brass Cap location from well completion report, Brass Cap location from well completion report	NULL	NULL	MDA C	Upper Mortendad	A	NULL	[84]	Ground Elevation updated from MW	Well Info	Active, Exceedance, Substantial
R-61 S1	Regional	35.85758	-106.2612	6940.12	Tpf	NULL	NULL	NULL	1125	1135	NULL, NULL, Preliminary information, Brass cap location from WCR, rounded to 2 digits, Brass cap location from WCR, rounded to 2 digits	NULL	NULL	Chromium	Lower Mortendad	NULL	NULL	[84]	Ground Elevation updated from MW	Well Info	Active, Exceedance, Substantial
R-62	Regional	35.86312	-106.26647	6984.88	Tpf	10/3/2011 0:00	1189.7	1/5/1900 0:00	1158.4	1179.1	NULL, NULL, Updated Location information from e-mail from RJK 4/2/2012, Updated Location information from e-mail from RJK 4/2/2012	NULL	NULL	Chromium	Lower Mortendad	A	NULL	[84]	Ground Elevation updated from MW	Well Info	Active, Exceedance, Substantial
R-64	Regional	35.8772	-106.27541	7121.74	Tjfp	7/11/2011 0:00	8/8/1903 2:24	1/5/1900 0:00	1285	1305.5	NULL, NULL, Preliminary information, brass cap location rounded to decimal places, brass cap location rounded to decimal places	NULL	NULL	TA-21	Los Alamos	A	NULL	[84]	Ground Elevation updated from MW	Well Info	Active, Exceedance, Substantial
R-66	Regional	35.87309	-106.25987	6626.96	Tcar	11/16/2011 0:00	4/28/1902 19:12	1/5/1900 2:38	819.4	839.7	NULL, Top of outer casing 3.59 ft above brass cap, Replacement well located just to the east of O-4.  TW-3 replacement well.   Location for potential contaminants  from upper Los Alamos and  DP Canyons and TA-21.	NULL	NULL	TA-21	Los Alamos	A	NULL	[84]	Ground Elevation updated from MW	Well Info	Active, Exceedance, Substantial
R-67	Regional	35.87035	-106.29012	7123.25	Tjfp	7/6/2015 0:00	6/29/1903 22:33	1/5/1900 0:00	1242.6	1263	NULL, NULL	NULL	NULL	Chromium	Sandia	A	NULL	[84]	Ground Elevation updated from MW, Geologic Unit Code updated from MW	Well Info	Active, Exceedance, Substantial
R-6i	Intermediate	35.87534	-106.26493	6996.9	Tf	12/20/2004 0:00	9/6/1901 0:00	1/4/1900 12:00	602	612	NULL, Surface Pad installation date estimated from WCR Well Completion Begin Date. Comp Depth set at bottom of casing., Location info taken from Brass cap monument survey data from R-6/R-6i WCR. Added for P Longmire, Location info taken from Brass cap monument survey data from R-6/R-6i WCR. Added for P Longmire, Location info taken from Brass cap monument survey data from R-6/R-6i WCR. Added for P Longmire	NULL	NULL	TA-21	Los Alamos	A	NULL	[84]	Ground Elevation updated from MW	Well Info	Active, Exceedance, Substantial
R-8 S1	Regional	35.87168	-106.24756	6544.74	Tp	NULL	NULL	NULL	705.31	755.7	NULL, NULL, Location info taken from Brass cap monument survey data from R-8 WCR., Location info taken from Brass cap monument survey data from R-8 WCR., Note:  Original hole P & Ad.  Original hole is 62 ' due east of this one.	NULL	NULL	TA-21	Los Alamos	NULL	NULL	[84]	Ground Elevation updated from MW	Well Info	Active, Exceedance, Substantial
R-8 S2	Regional	35.87168	-106.24756	6544.74	Tp	NULL	NULL	NULL	821	828	NULL, NULL, Location info taken from Brass cap monument survey data from R-8 WCR., Location info taken from Brass cap monument survey data from R-8 WCR.	NULL	NULL	TA-21	Los Alamos	NULL	NULL	[84]	Ground Elevation updated from MW	Well Info	Active, Exceedance, Substantial
R-9	Regional	35.86698	-106.22361	6382.8	Tsfb	10/18/1999 0:00	758	4.5 in	683	748.5	NULL, Survey pin was installed with on 9/13/00., Original x, y, z = 1648241.4, 1770843.9, 6385.36, Location info taken from Brass monument survey data from R-9 WCR., Location info taken from Brass monument survey data from R-9 WCR.	NULL	NULL	TA-21	Los Alamos	A	NULL	[84]	Ground Elevation updated from MW, Well Diameter [in] updated from MW, Geologic Unit Code updated from MW	Well Info	Active, Exceedance, Substantial
R-9i S1	Intermediate	35.86696	-106.22372	6383.2	Tb4	NULL	NULL	NULL	189.1	199.5	NULL, NULL, Location info taken from Brass monument survey data from R-9i WCR., Original x, y, z = 1648208.8, 1770834.7, 6383.85, Location info taken from Brass monument survey data from R-9i WCR.	NULL	NULL	TA-21	Los Alamos	NULL	NULL	[84]	Ground Elevation updated from MW	Well Info	Active, Exceedance, Substantial
SCA-1-DP	Alluvial	35.87361	-106.31054	7211.2	NULL	2/18/2009 0:00	2.66	2 in	2.16	2.66	Exact coordinates to be determined. Sampling is planned very close to SCA-1., Drive point adjacent to SCA-1, Exact coordinates to be determined. Sampling is planned very close to SCA-1., Exact coordinates to be determined. Sampling is planned very close to SCA-1.	NULL	MON	General	Sandia	A	NULL	[84]	Well Diameter [in] updated from MW	Well Info	Active, Exceedance, Substantial
SCI-1	Intermediate	35.86548	-106.26213	6738.27	Tpf	10/7/2006 0:00	1/11/1901 21:36	1/3/1900 19:12	358.4	377.9	NULL, NULL, Brass monument location SCI-1 = SCC-1, Brass monument location SCI-1 = SCC-1, Chromium Invstitgation intermediate well in Sandia Canyon	NULL	NULL	Chromium	Sandia	A	NULL	[84]	Ground Elevation updated from MW	Well Info	Active, Exceedance, Substantial
SCI-2	Intermediate	35.8637	-106.26101	6735.7	Tb4	9/2/2008 0:00	7/23/1901 0:00	1/2/1900 0:00	548	568	NULL, NULL, Brass monument survey, Brass monument survey	NULL	NULL	Chromium	Sandia	A	NULL	[84]	Ground Elevation updated from MW	Well Info	Active, Exceedance, Substantial
SCPZ-1	NULL	35.87541	-106.31475	NULL	NULL	NULL	NULL	NULL	NULL	NULL	NULL, NULL	NULL	MON	General	Sandia	NULL	NULL	[84]		Well Info	Active, Exceedance, Substantial
SCPZ-10	NULL	35.87357	-106.31062	NULL	NULL	NULL	NULL	NULL	NULL	NULL	NULL, NULL	NULL	MON	General	Sandia	NULL	NULL	[84]		Well Info	Active, Exceedance
SCPZ-11(A)	NULL	35.87365	-106.31059	NULL	NULL	NULL	NULL	NULL	NULL	NULL	NULL, NULL	NULL	MON	General	Sandia	NULL	NULL	[84]		Well Info	Active, Exceedance
SCPZ-11(B)	Alluvial	35.87365	-106.3106	NULL	NULL	NULL	NULL	NULL	1	5.4	NULL, NULL	NULL	MON	General	Sandia	NULL	NULL	[84]		Well Info	Active, Exceedance
SCPZ-12	NULL	35.87371	-106.31058	NULL	NULL	NULL	NULL	NULL	NULL	NULL	NULL, NULL	NULL	MON	General	Sandia	NULL	NULL	[84]		Well Info	Active, Exceedance
SCPZ-2	Alluvial	35.87541	-106.31476	NULL	NULL	NULL	NULL	NULL	6	8.3	NULL, NULL	NULL	MON	General	Sandia	NULL	NULL	[84]		Well Info	Active, Exceedance, Substantial
SCPZ-3	NULL	35.87553	-106.31474	NULL	NULL	NULL	NULL	NULL	NULL	NULL	NULL, NULL	NULL	MON	General	Sandia	NULL	NULL	[84]		Well Info	Active, Exceedance, Substantial
SCPZ-4	NULL	35.87456	-106.31252	NULL	NULL	NULL	NULL	NULL	NULL	NULL	NULL, NULL	NULL	MON	General	Sandia	NULL	NULL	[84]		Well Info	Active, Exceedance, Substantial
SCPZ-5	Alluvial	35.87467	-106.31248	NULL	NULL	NULL	NULL	NULL	3	5.4	NULL, NULL	NULL	MON	General	Sandia	NULL	NULL	[84]		Well Info	Active, Exceedance, Substantial
SCPZ-6	NULL	35.87477	-106.31243	NULL	NULL	NULL	NULL	NULL	NULL	NULL	NULL, NULL	NULL	MON	General	Sandia	NULL	NULL	[84]		Well Info	Active, Exceedance, Substantial
SCPZ-7	NULL	35.87376	-106.31114	NULL	NULL	NULL	NULL	NULL	NULL	NULL	NULL, NULL	NULL	MON	General	Sandia	NULL	NULL	[84]		Well Info	Active, Exceedance
SCPZ-8	Alluvial	35.87378	-106.3111	NULL	NULL	NULL	NULL	NULL	5.3	7.6	NULL, NULL	NULL	MON	General	Sandia	NULL	NULL	[84]		Well Info	Active, Exceedance, Substantial
SCPZ-9	NULL	35.87386	-106.31105	NULL	NULL	NULL	NULL	NULL	NULL	NULL	NULL, NULL	NULL	MON	General	Sandia	NULL	NULL	[84]		Well Info	Active, Exceedance, Substantial
SIMR-2	Regional	35.85399	-106.25103	6702.3	Tpf	6/16/2015 0:00	927	1/5/1900 0:00	885	905.4	NULL, NULL	NULL	NULL	Chromium	Lower Mortendad	A	NULL	[84]	Ground Elevation updated from MW, Geologic Unit Code updated from MW	Well Info	Active, Exceedance, Substantial
SWA-1	NULL	35.87542	-106.31476	NULL	NULL	NULL	NULL	NULL	NULL	NULL	NULL, NULL	NULL	MON	General	Sandia	NULL	NULL	[84]		Well Info	Active, Exceedance
SWA-2	NULL	35.87475	-106.31243	NULL	NULL	NULL	NULL	NULL	NULL	NULL	NULL, NULL	NULL	MON	General	Sandia	NULL	NULL	[84]		Well Info	Active
SWA-3	NULL	35.8738	-106.31109	NULL	NULL	NULL	NULL	NULL	NULL	NULL	Formerly SWA-3, NULL, Formerly SWA-3, Formerly SWA-3	NULL	MON	General	Sandia	NULL	NULL	[84]		Well Info	Active, Exceedance
SWA-3-7	Alluvial	35.87376	-106.31114	NULL	NULL	6/27/2016 0:00	3.6	1/2/1900 0:00	0.6	3.1	Formerly SCPZ-7, NULL, Formerly SCPZ-7, Formerly SCPZ-7, Formerly SCPZ-7	NULL	MON	General	Sandia	A	NULL	[84]	Aquifer updated from MW	Well Info	Active, Exceedance, Substantial
SWA-3-8	Alluvial	35.8738	-106.31109	NULL	NULL	6/27/2016 0:00	1/7/1900 19:12	1/2/1900 0:00	3.6	7.8	Formerly SWA-3, NULL, Formerly SWA-3, Formerly SWA-3, Formerly SWA-3	NULL	MON	General	Sandia	A	NULL	[84]	Aquifer updated from MW	Well Info	Active, Exceedance, Substantial
SWA-3-9	Alluvial	35.87386	-106.31105	NULL	NULL	7/5/2016 0:00	1/5/1900 4:48	1/2/1900 0:00	2.2	4.7	Formerly SCPZ-9, NULL, Formerly SCPZ-9, Formerly SCPZ-9, Formerly SCPZ-9	NULL	MON	General	Sandia	A	NULL	[84]	Aquifer updated from MW	Well Info	Active, Exceedance, Substantial
SWA-4	NULL	35.8737	-106.31056	NULL	NULL	NULL	NULL	NULL	NULL	NULL	NULL, NULL	NULL	MON	General	Sandia	NULL	NULL	[84]		Well Info	Active, Exceedance
SWL-1	NULL	35.87542	-106.31476	NULL	NULL	NULL	NULL	NULL	NULL	NULL	NULL, NULL	NULL	MON	General	Sandia	NULL	NULL	[84]		Well Info	Active, Exceedance
SWL-2	NULL	35.87475	-106.31243	NULL	NULL	NULL	NULL	NULL	NULL	NULL	NULL, NULL	NULL	MON	General	Sandia	NULL	NULL	[84]		Well Info	Active
SWL-3	NULL	35.8738	-106.31109	NULL	NULL	NULL	NULL	NULL	NULL	NULL	NULL, NULL	NULL	MON	General	Sandia	NULL	NULL	[84]		Well Info	Active, Exceedance
SWL-4	NULL	35.87371	-106.31056	NULL	NULL	NULL	NULL	NULL	NULL	NULL	NULL, NULL	NULL	MON	General	Sandia	NULL	NULL	[84]		Well Info	Active, Exceedance
TA-53i	Intermediate	35.86828	-106.26541	6987.17	Tf	3/10/2009 0:00	620.8	1/5/1900 0:00	600	610	NULL, NULL, Brass cap survey location, Brass cap survey location, Name changed from TA-53-1(i)	NULL	NULL	TA-21	Sandia	A	NULL	[84]	Ground Elevation updated from MW	Well Info	Active, Exceedance, Substantial
TW-2Ar	Intermediate	35.88485	-106.27122	6651.67	Tpf	3/4/2010 0:00	4/22/1900 21:36	4.5 in	102	112	NULL, NULL, Brass cap location rounded to 2 decimal places. -RJK, Brass cap location rounded to 2 decimal places. -RJK, Brass cap location rounded to 2 decimal places. -RJK	NULL	NULL	General	Los Alamos	A	NULL	[84]	Ground Elevation updated from MW, Geologic Unit Code updated from MW, Well Diameter [in] updated from MW	Well Info	Active, Exceedance, Substantial
CrEX-4	None	35.859934	-106.2579784	None	None		None	None	None	None	None	None			Lower Mortendad			None		Monitoring Wells	Active, Exceedance
SWA-1-1	None	35.8754103	-106.3147478	None	None		None	None	None	None	Formerly a piezometer well SCPZ-1, Formerly a piezometer well SCPZ-1, Formerly a piezometer well SCPZ-1	None			Sandia			None		Monitoring Wells	Active, Exceedance, Substantial
SWA-2-4	Alluvial	35.8745609	-106.3125236	None	None		9	2 in	3	9	Formerly SCPZ-4, Formerly SCPZ-4, Formerly SCPZ-4	https://www.intellusnm.com/documents/document-library.cfc?method=retrieveLanlFile&nodeId=12447			Sandia			7226.48		Monitoring Wells	Active, Exceedance, Substantial
R-70 S2	None	35.8596995	-106.2485826	6692.62	None		None	None	1048	1068.5	Coordinates estimated from Google Earth., Spatial data is an estimate only! Will be finalized once well is surveyed.	None			Lower Mortendad			None		Monitoring Wells	Active, Exceedance
SWA-2-5	Alluvial	35.874674	-106.3124817	None	None		8.96	2 in	3	8.96	Formerly SCPZ-5, Formerly SCPZ-5, Formerly SCPZ-5	https://www.intellusnm.com/documents/document-library.cfc?method=retrieveLanlFile&nodeId=12448			Sandia			7226.22		Monitoring Wells	Active, Exceedance, Substantial
SWA-2-6	Alluvial	35.8747486	-106.3124341	None	None		8.22	2 in	3.12	8.22	Formerly SWA-2, Formerly SWA-2, Formerly SWA-2	https://www.intellusnm.com/documents/document-library.cfc?method=retrieveLanlFile&nodeId=12449			Sandia			7225.72		Monitoring Wells	Active, Substantial
SWA-4-10	Alluvial	35.8735723	-106.3106197	None	None		8.44	2 in	2.5	8.44	Formerly SCPZ-10, Formerly SCPZ-10, Formerly SCPZ-10	https://www.intellusnm.com/documents/document-library.cfc?method=retrieveLanlFile&nodeId=12453			Sandia			7213.06		Monitoring Wells	Active, Exceedance, Substantial
SWA-4-12	Alluvial	35.8737001	-106.3105616	None	None		8.53	2 in	2.99	8.19	Formerly SWA-4, Formerly SWA-4, Formerly SWA-4	https://www.intellusnm.com/documents/document-library.cfc?method=retrieveLanlFile&nodeId=12455			Sandia			7213.04		Monitoring Wells	Active, Exceedance, Substantial
SWA-4-11	Alluvial	35.8736526	-106.3105976	None	None		9.17	2 in	3	9.17	Formerly SCPZ-11(B), Formerly SCPZ-11(B), Formerly SCPZ-11(B)	https://www.intellusnm.com/documents/document-library.cfc?method=retrieveLanlFile&nodeId=12454			Sandia			7214.07		Monitoring Wells	Active, Exceedance, Substantial
SWA-1-2	None	35.8754177	-106.3147563	None	None		13.6	2 in	6.03	13.17	Formerly SWA-1, Formerly SWA-1, Formerly SWA-1	https://www.intellusnm.com/documents/document-library.cfc?method=retrieveLanlFile&nodeId=12444			Sandia			7244.53		Monitoring Wells	Active, Exceedance, Substantial
SWA-1-3	None	35.875528	-106.3147361	None	None		None	None	None	None	Formerly SCPZ-3, Formerly SCPZ-3, Formerly SCPZ-3	None			Sandia			None		Monitoring Wells	Active, Exceedance, Substantial
R-70 S1	None	35.8596995	-106.2485826	6692.62	None		None	None	963	1004	Coordinates estimated from Google Earth., Spatial data an estimate only! Will be finalized once well is surveyed	None			Lower Mortendad			None		Monitoring Wells	Active, Exceedance
MCA-RLW-2	None	35.861675	-106.2726611	6847.7	None		None	None	None	None	None	None			Lower Mortendad			None		Monitoring Wells	Active
CrIN-6		35.8612223	-106.2507416												Sandia					Chromium Data	Active, Exceedance
CRPZ-1		35.8590086	-106.2610814												Lower Mortendad					Chromium Data	Active, Exceedance
03-B-10	Intermediate	35.87372	-106.33012	7458.28	Qbt4	6/4/2005 0:00	31.1	2	20.6	30.6	Ground surface elevation Plugged and Abandoned 9/25/09, P&A 9/25/09, Ground surface elevation  Plugged and Abandoned 9/25/09, Ground surface elevation  Plugged and Abandoned 9/25/09	NULL	MON	General	Pajarito	PA	NULL	[84]		Well Info	Exceedance, Substantial
03-B-9	Intermediate	35.87378	-106.33015	7457.98	NULL	6/3/2005 0:00	31.8	2 in	21.3	31.3	Ground surface elevation Plugged and Abanonded 9/25/09, P&amp;A 9/25/09, Ground surface elevation  Plugged and Abanonded 9/25/09, Ground surface elevation  Plugged and Abanonded 9/25/09	NULL	MON	General	Sandia	PA	NULL	[84]	Well Diameter [in] updated from MW	Well Info	Exceedance
18-BG-1	Alluvial	35.84426	-106.27114	6776.45	Qal	9/1/1994 0:00	35	2 in	10	35	NULL, NULL	NULL	MON	General	Pajarito	A	NULL	[84]	Geologic Unit Code updated from MW, Well Diameter [in] updated from MW	Well Info	Exceedance, Substantial
18-MW-11	Alluvial	35.84031	-106.2649	6740.13	Qal	NULL	47	2 in	27	47	NULL, NULL	NULL	MON	TA-54	Pajarito	A	NULL	[84]	Geologic Unit Code updated from MW, Well Diameter [in] updated from MW	Well Info	Exceedance, Substantial
18-MW-8	Alluvial	35.83899	-106.26924	6747.79	Qal	8/4/1994 0:00	37.9	2 in	8	38	NULL, NULL	NULL	MON	General	Pajarito	A	NULL	[84]	Geologic Unit Code updated from MW, Well Diameter [in] updated from MW	Well Info	Exceedance, Substantial
18-MW-9	Alluvial	35.83964	-106.26507	6732.91	Qal	7/21/1994 0:00	21	2 in	6	21	NULL, NULL, TA-18	NULL	MON	General	Pajarito	A	NULL	[84]	Geologic Unit Code updated from MW, Well Diameter [in] updated from MW	Well Info	Exceedance, Substantial
21-01812	NULL	35.87765	-106.27161	7026.72	NULL	NULL	NULL	NULL	NULL	NULL	Survey date and accuracy for coordinates and elevation are UNKNOWN. Location Desc: Notes: Aggregate:DP boreholes, NULL, Survey date and accuracy for coordinates and elevation are UNKNOWN. Location Desc: Notes: Aggregate:DP boreholes, Survey date and accuracy for coordinates and elevation are UNKNOWN. Location Desc: Notes: Aggregate:DP boreholes	NULL	MON	General	Los Alamos	NULL	NULL	[84]		Well Info	Exceedance, Substantial
3MAO-2	Alluvial	35.83915	-106.27238	6759.435	Qal	6/4/2008 0:00	30	4 in	14.7	24.7	Brass Cap, NULL, Brass Cap, Brass Cap	NULL	MON	General	Pajarito	A	NULL	[84]	Geologic Unit Code updated from MW, Well Diameter [in] updated from MW	Well Info	Exceedance, Substantial
41-01002	NULL	35.87655	-106.29614	6910.74	NULL	NULL	NULL	NULL	NULL	NULL	Survey date and accuracy for coordinates and elevation are UNKNOWN. Location Desc:WELL IMMEDIATELY EAST OF TA-41 Notes: Aggregate:, NULL, Survey date and accuracy for coordinates and elevation are UNKNOWN. Location Desc:WELL IMMEDIATELY EAST OF TA-41 Notes: Aggregate:, Survey date and accuracy for coordinates and elevation are UNKNOWN. Location Desc:WELL IMMEDIATELY EAST OF TA-41 Notes: Aggregate:	NULL	MON	General	Los Alamos	NULL	NULL	[84]		Well Info	Exceedance, Substantial
APCO-1	Alluvial	35.87295	-106.22032	6367.53	Qal	8/15/1990 0:00	19.7	2	4.7	14.7	NULL, NULL	NULL	NULL	General	Los Alamos	A	NULL	[84]	Ground Elevation updated from MW	Well Info	Exceedance, Substantial
CDBO-6	Alluvial	35.85026	-106.2642	6817.2	Qal	6/1/1992 0:00	49	2	34	44	NULL, NULL	NULL	NULL	General	Lower Mortendad	A	NULL	[84]	Ground Elevation updated from MW	Well Info	Exceedance, Substantial
CrCH-1	NULL	35.85901	-106.26108	NULL	NULL	NULL	NULL	NULL	NULL	NULL	NULL, NULL	NULL	NULL	Chromium	Lower Mortendad	NULL	NULL	[84]		Well Info	Exceedance
LAO-0.3	Alluvial	35.87704	-106.30272	NULL	NULL	5/27/1994 0:00	11.25	NULL	5.9	10.9	NULL, NULL	NULL	NULL	General	Los Alamos	A	NULL	[84]		Well Info	Exceedance, Substantial
LAO-0.6	Alluvial	35.87655	-106.29614	6910.74	Qal	5/6/1994 0:00	13.35	4 in	8	13	NULL, NULL, RJK revised added elev 5/25/05, RJK revised added elev 5/25/05	NULL	NULL	General	Los Alamos	A	NULL	[84]	Ground Elevation updated from MW, Geologic Unit Code updated from MW, Well Diameter [in] updated from MW	Well Info	Exceedance, Substantial
LAO-1	Alluvial	35.87552	-106.2872	6836.24	Qal	2/1/1966 0:00	28	3 in	8	28	NULL, NULL	NULL	NULL	TA-21	Los Alamos	A	NULL	[84]	Ground Elevation updated from MW, Geologic Unit Code updated from MW, Well Diameter [in] updated from MW	Well Info	Exceedance, Substantial
LAO-1.6g	Alluvial	35.87168	-106.26463	6658.01	Qal	3/20/1996 0:00	30.82	4 in	10.47	25.47	NULL, NULL	NULL	NULL	TA-21	Los Alamos	A	NULL	[84]	Ground Elevation updated from MW, Geologic Unit Code updated from MW, Well Diameter [in] updated from MW	Well Info	Exceedance, Substantial
LAO-4.5c	Alluvial	35.87036	-106.23943	NULL	NULL	11/1/1989 0:00	23.3	NULL	13.3	23.3	NULL, NULL	NULL	NULL	TA-21	Los Alamos	A	NULL	[84]		Well Info	Exceedance, Substantial
LAO-B	Alluvial	35.87883	-106.3353	7323.59	Qal	4/28/1994 0:00	27.2	4 in	11.84	26.84	NULL, NULL, Elev. measured from GL. Background alluvial monitoring well.  Background well west of ice rink in LA canyon	NULL	NULL	General	Los Alamos	A	NULL	[84]	Ground Elevation updated from MW, Geologic Unit Code updated from MW, Well Diameter [in] updated from MW	Well Info	Exceedance, Substantial
LAUZ-2	Alluvial	35.87765	-106.27161	7026.72	NULL	NULL	10.47	4 in	5.27	10.27	NULL, NULL, OU 1106 (TA-21), Surv-Tek Survey, Surv-Tek Survey	NULL	NULL	General	Los Alamos	A	NULL	[84]	Ground Elevation updated from MW, Well Diameter [in] updated from MW	Well Info	Exceedance
MCA-1	Alluvial	35.86578	-106.29668	7070.6	Qal	1/24/2005 0:00	5.9	1 in	2.4	5.4	Brass cap location, NULL, Brass cap location, Brass cap location	NULL	MON	General	Upper Mortendad	A	NULL	[84]	Geologic Unit Code updated from MW, Well Diameter [in] updated from MW	Well Info	Exceedance, Substantial
MCA-4	Alluvial	35.865	-106.29884	7135.1	Qal	2/5/2005 0:00	5.4	1.0 in	3.3	5.3	Brass cap location, NULL, Brass cap location, Brass cap location	NULL	MON	General	Upper Mortendad	A	NULL	[84]	Geologic Unit Code updated from MW, Well Diameter [in] updated from MW	Well Info	Exceedance
MCO-2	Alluvial	35.86502	-106.29893	NULL	NULL	11/1/1960 0:00	9	NULL	2	9	NULL, NULL	NULL	NULL	General	Upper Mortendad	A	NULL	[84]		Well Info	Exceedance, Substantial
MCO-3	Alluvial	35.8653	-106.29406	NULL	Qal	3/1/1967 0:00	12	3	2	12	NULL, NULL	NULL	NULL	General	Upper Mortendad	A	NULL	[84]		Well Info	Exceedance, Substantial
MCO-4B	Alluvial	35.86382	-106.27828	NULL	Qal	8/1/1990 0:00	33.9	2	8.9	28.9	NULL, NULL	NULL	NULL	Chromium	Lower Mortendad	A	NULL	[84]		Well Info	Exceedance, Substantial
MCO-6	Alluvial	35.86194	-106.27289	NULL	Qal	3/1/1974 0:00	47	4	27	47	NULL, Replaced older MCO-6 that was P&A	NULL	NULL	Chromium	Lower Mortendad	A	NULL	[84]		Well Info	Exceedance, Substantial
MCO-7.5	Alluvial	35.86037	-106.26675	NULL	NULL	4/1/1974 0:00	60	NULL	35	60	NULL, Redrilled in 1974	NULL	NULL	Chromium	Lower Mortendad	A	NULL	[84]		Well Info	Exceedance, Substantial
MCOBT-4.4	Intermediate	35.86057	-106.27102	6836.18	Tpf	6/1/2003 0:00	545	4.5 in	485.4	524	NULL, Plugged and abandoned 7/29/2009, Brass Monument  MCOBT-4.4 plugged and abandoned 7/29/09, Brass Monument  MCOBT-4.4 plugged and abandoned 7/29/09	NULL	NULL	Chromium	Lower Mortendad	PA	NULL	[84]	Ground Elevation updated from MW, Geologic Unit Code updated from MW, Well Diameter [in] updated from MW	Well Info	Exceedance, Substantial
MCOI-4	Intermediate	35.86065	-106.27122	6837.2	Tpf	11/7/2004 0:00	525.7	4.5 in	498.9	522	NULL, NULL, Brass Monument, Brass Monument, Brass Monument	NULL	NULL	Chromium	Lower Mortendad	A	NULL	[84]	Ground Elevation updated from MW, Geologic Unit Code updated from MW, Well Diameter [in] updated from MW	Well Info	Exceedance, Substantial
MCOI-8	Intermediate	35.8625	-106.27392	6859.2	Tb4	1/8/2005 0:00	678.6	4.5 in	665	674.96	Brass Monument, NULL, Brass Monument, Brass Monument	NULL	MON	Chromium	Lower Mortendad	A	NULL	[84]	Geologic Unit Code updated from MW, Well Diameter [in] updated from MW	Well Info	Exceedance, Substantial
MT-3	Alluvial	35.86097	-106.26497	6796.65	NULL	11/1/1988 0:00	74	NULL	44	64	NULL, NULL	NULL	NULL	Chromium	Lower Mortendad	A	NULL	[84]	Ground Elevation updated from MW	Well Info	Exceedance, Substantial
PCAO-5	Alluvial	35.85353	-106.29474	6943.29	Qal	5/3/2008 0:00	30	4 in	14.7	24.7	Brass Cap, NULL, Brass Cap, Brass Cap	NULL	MON	General	Pajarito	A	NULL	[84]	Geologic Unit Code updated from MW, Well Diameter [in] updated from MW	Well Info	Exceedance, Substantial
PCAO-6	Alluvial	35.85336	-106.29322	6921.4	Qal	6/5/2008 0:00	20	4 in	8	15	Brass Cap, NULL, Brass Cap, Brass Cap	NULL	MON	General	Pajarito	A	NULL	[84]	Geologic Unit Code updated from MW, Well Diameter [in] updated from MW	Well Info	Exceedance
PCAO-7a	Alluvial	35.83869	-106.26174	6711.97	Qal	5/30/2008 0:00	25	4 in	9.7	19.7	Brass Cap, NULL, Brass Cap, Brass Cap	NULL	MON	TA-54	Pajarito	A	NULL	[84]	Geologic Unit Code updated from MW, Well Diameter [in] updated from MW	Well Info	Exceedance, Substantial
PCAO-7b2	Alluvial	35.8385	-106.26205	6713.39	Qal	5/27/2008 0:00	25	4 in	10	20	Brass Cap, NULL, Brass Cap, Brass Cap	NULL	MON	TA-54	Pajarito	A	NULL	[84]	Geologic Unit Code updated from MW, Well Diameter [in] updated from MW	Well Info	Exceedance, Substantial
PCAO-7c	Alluvial	35.8381	-106.26252	6714.57	Qal	5/16/2008 0:00	25	4 in	9.7	19.7	Brass Cap, NULL, Brass Cap, Brass Cap	NULL	MON	General	Pajarito	A	NULL	[84]	Geologic Unit Code updated from MW, Well Diameter [in] updated from MW	Well Info	Exceedance, Substantial
PCAO-9	Alluvial	35.82614	-106.23271	6558.6	Qal	6/12/2008 0:00	21	4 in	6	16	Brass Cap, NULL, Brass Cap, Brass Cap	NULL	MON	TA-54	Pajarito	A	NULL	[84]	Geologic Unit Code updated from MW, Well Diameter [in] updated from MW	Well Info	Exceedance, Substantial
PCO-2	Alluvial	35.83016	-106.24567	6618.3	NULL	6/30/1985 0:00	9.5	NULL	1.5	9.5	NULL, NULL	NULL	NULL	TA-54	Pajarito	A	NULL	[84]	Ground Elevation updated from MW	Well Info	Exceedance, Substantial
PCO-3	Alluvial	35.82479	-106.23087	6546.3	NULL	6/30/1985 0:00	17.7	NULL	5.7	17.7	NULL, NULL	NULL	NULL	General	Pajarito	A	NULL	[84]	Ground Elevation updated from MW	Well Info	Exceedance, Substantial
R-12 OB	Intermediate	35.85892	-106.22635	6499.6	NULL	NULL	NULL	NULL	NULL	NULL	NULL, NULL, Location information from Brass Cap survey data in WCR., Location information from Brass Cap survey data in WCR.	NULL	NULL	General	Sandia	NULL	NULL	[84]	Aquifer updated from MW, Ground Elevation updated from MW	Well Info	Exceedance, Substantial
R-12 S1	Intermediate	35.85892	-106.22635	6499.6	Tb4	NULL	NULL	NULL	459	467.5	NULL, NULL, original x, y, z = 1647398,1767947,6505.95, Location information from Brass Cap survey data in WCR., Location information from Brass Cap survey data in WCR.	NULL	NULL	General	Sandia	NULL	NULL	[84]	Ground Elevation updated from MW	Well Info	Exceedance, Substantial
R-12 S3	Regional	35.85892	-106.22635	6499.6	Tsfb	NULL	NULL	NULL	801	839	NULL, NULL, Location information from Brass Cap survey data in WCR., original x, y, z = 1647398,1767947,6505.95, Location information from Brass Cap survey data in WCR.	NULL	NULL	General	Sandia	NULL	NULL	[84]	Ground Elevation updated from MW	Well Info	Exceedance, Substantial
R-14 S2	Regional	35.86178	-106.28565	7062.08	Tp	NULL	NULL	NULL	1286.5	1293.1	NULL, NULL, Location info taken from Brass Cap survey data for R-14., Location info taken from Brass Cap survey data for R-14.	NULL	NULL	MDA C	Upper Mortendad	NULL	NULL	[84]	Ground Elevation updated from MW	Well Info	Exceedance, Substantial
R-15 OB	Regional	35.85991	-106.26724	6820	NULL	NULL	NULL	NULL	NULL	NULL	NULL, NULL, Location info taken from Brass Monument survey data in R-15 WCR., Location info taken from Brass Monument survey data in R-15 WCR.	NULL	NULL	Chromium	Lower Mortendad	NULL	NULL	[84]	Aquifer updated from MW, Ground Elevation updated from MW	Well Info	Exceedance
R-19 S5	Regional	35.83787	-106.28542	7066.3	Tpf	NULL	NULL	NULL	1582.6	1589.8	Location info taken from Brass Cap survey data in R-19 WCR., NULL, Location info taken from Brass Cap survey data in R-19 WCR., Location info taken from Brass Cap survey data in R-19 WCR.	NULL	MON	General	Pajarito	NULL	NULL	[84]		Well Info	Exceedance, Substantial
R-19 S7	Regional	35.83787	-106.28542	7066.3	Tpf	NULL	NULL	NULL	1832.4	1839.5	Location info taken from Brass Cap survey data in R-19 WCR., NULL, Location info taken from Brass Cap survey data in R-19 WCR., Location info taken from Brass Cap survey data in R-19 WCR.	NULL	MON	General	Pajarito	NULL	NULL	[84]		Well Info	Exceedance, Substantial
R-22 S1	Regional	35.82925	-106.23344	6650.5	Tb4	NULL	NULL	NULL	872.3	914.2	NULL, NULL, Location info taken from Brass cap survey data from R-22 WCR., Location info taken from Brass cap survey data from R-22 WCR., original x, y = 1645327, 1757112	NULL	NULL	TA-54	Pajarito	NULL	NULL	[84]	Ground Elevation updated from MW	Well Info	Exceedance, Substantial
R-22 S2	Regional	35.82925	-106.23344	6650.5	Tb4	NULL	NULL	NULL	947	988.9	NULL, NULL, original x, y = 1645327, 1757112, Location info taken from Brass cap survey data from R-22 WCR., Location info taken from Brass cap survey data from R-22 WCR.	NULL	NULL	TA-54	Pajarito	NULL	NULL	[84]	Ground Elevation updated from MW	Well Info	Exceedance, Substantial
R-22 S3	Regional	35.82925	-106.23344	6650.5	Tcar	NULL	NULL	NULL	1272.2	1278.9	NULL, NULL, original x, y = 1645327, 1757112, Location info taken from Brass cap survey data from R-22 WCR., Location info taken from Brass cap survey data from R-22 WCR.	NULL	NULL	TA-54	Pajarito	NULL	NULL	[84]	Ground Elevation updated from MW	Well Info	Exceedance, Substantial
R-22 S4	Regional	35.82925	-106.23344	6650.5	Tb2	NULL	NULL	NULL	1378.2	1384.9	NULL, NULL, original x, y = 1645327, 1757112, Location info taken from Brass cap survey data from R-22 WCR., Location info taken from Brass cap survey data from R-22 WCR.	NULL	NULL	TA-54	Pajarito	NULL	NULL	[84]	Ground Elevation updated from MW	Well Info	Exceedance, Substantial
R-22 S5	Regional	35.82925	-106.23344	6650.5	Tcar	NULL	NULL	NULL	1447.3	1452.3	NULL, NULL, original x, y = 1645327, 1757112, Location info taken from Brass cap survey data from R-22 WCR., Location info taken from Brass cap survey data from R-22 WCR.	NULL	NULL	TA-54	Pajarito	NULL	NULL	[84]	Ground Elevation updated from MW	Well Info	Exceedance, Substantial
R-32 S3	Regional	35.83095	-106.24872	6637.63	Tpf	NULL	NULL	NULL	972.9	980.6	Location info taken from Brass cap monument survey data from R-32 WCR., NULL, Location info taken from Brass cap monument survey data from R-32 WCR., Location info taken from Brass cap monument survey data from R-32 WCR.	NULL	MON	TA-54	Pajarito	NULL	NULL	[84]		Well Info	Exceedance, Substantial
R-5 OB	Intermediate	35.87307	-106.22877	6472.6	NULL	NULL	NULL	NULL	NULL	NULL	NULL, NULL, Location info taken from Brass cap monument survey data from R-5 WCR., Location info taken from Brass cap monument survey data from R-5 WCR.	NULL	NULL	TA-21	Los Alamos	NULL	NULL	[84]	Aquifer updated from MW, Ground Elevation updated from MW	Well Info	Exceedance
R-5 S4	Regional	35.87307	-106.22877	6472.6	Tsfb	NULL	NULL	NULL	858.7	863.7	NULL, NULL, Location info taken from Brass cap monument survey data from R-5 WCR., Location info taken from Brass cap monument survey data from R-5 WCR., Original x, y = 1646709, 1773061	NULL	NULL	TA-21	Los Alamos	NULL	NULL	[84]	Ground Elevation updated from MW	Well Info	Exceedance, Substantial
R-54 S1	Regional	35.83609	-106.25544	6679.85	Tpf	NULL	NULL	NULL	830	840	NULL, NULL, Brass Cap location, Brass cap location, Brass Cap location	NULL	NULL	TA-54	Pajarito	NULL	NULL	[84]	Ground Elevation updated from MW	Well Info	Exceedance, Substantial
R-55i	Intermediate	35.82993	-106.22774	6534.91	Tb4	1/18/2011 0:00	541.4	5	510	531.1	NULL, NULL, Brass cap surveyed location as corrected 2/16/11 and rounded to 2 digits - RJK, Brass cap surveyed location as corrected 2/16/11 and rounded to 2 digits - RJK, Brass cap surveyed location as corrected 2/16/11 and rounded to 2 digits - RJK	NULL	NULL	TA-54	Lower Mortendad	A	NULL	[84]	Ground Elevation updated from MW, Geologic Unit Code updated from MW	Well Info	Exceedance, Substantial
R-61 S2	Regional	35.85758	-106.2612	6940.12	Tjfp	NULL	NULL	NULL	1220.4	1241	NULL, NULL, Brass cap location from WCR, rounded to 2 digits, Brass cap location from WCR, rounded to 2 digits	NULL	NULL	Chromium	Lower Mortendad	NULL	NULL	[84]	Ground Elevation updated from MW	Well Info	Exceedance, Substantial
R-7 S1	Intermediate	35.87469	-106.27954	6779.2	Tp	NULL	NULL	NULL	363.2	379.2	NULL, NULL, Location info taken from Brass cap monument survey data from R-7 WCR., Original x, y = 1631673, 1773650, Location info taken from Brass cap monument survey data from R-7 WCR.	NULL	NULL	TA-21	Los Alamos	NULL	NULL	[84]	Ground Elevation updated from MW	Well Info	Exceedance, Substantial
R-7 S3	Regional	35.87469	-106.27954	6779.2	Tp	NULL	NULL	NULL	895.5	937.4	NULL, NULL, Location info taken from Brass cap monument survey data from R-7 WCR., Location info taken from Brass cap monument survey data from R-7 WCR., Original x, y = 1631673, 1773650	NULL	NULL	TA-21	Los Alamos	NULL	NULL	[84]	Ground Elevation updated from MW	Well Info	Exceedance, Substantial
R-9i S2	Intermediate	35.86696	-106.22372	6383.2	Tb4	NULL	NULL	NULL	269.6	280.3	NULL, NULL, Location info taken from Brass monument survey data from R-9i WCR., Original x, y, z = 1648208.8, 1770834.7, 6383.85, Location info taken from Brass monument survey data from R-9i WCR.	NULL	NULL	TA-21	Los Alamos	NULL	NULL	[84]	Ground Elevation updated from MW	Well Info	Exceedance, Substantial
SCA-1	Alluvial	35.87361	-106.31054	7211.22	NULL	8/25/2006 0:00	2.1	2 in	1.3	1.9	Ground survey coordinates, no brass monument, NULL, Ground survey coordinates, no brass monument, Ground survey coordinates, no brass monument	NULL	MON	General	Sandia	A	NULL	[84]	Well Diameter [in] updated from MW	Well Info	Exceedance, Substantial
SCA-2	Alluvial	35.86543	-106.26452	6749.08	NULL	8/24/2006 0:00	15.6	2 in	10.3	15	NULL, NULL, Chromium Invstitgation alluvial well in Sandia Canyon, Brass monument xyz, Brass monument xyz	NULL	NULL	Chromium	Sandia	A	NULL	[84]	Ground Elevation updated from MW, Well Diameter [in] updated from MW	Well Info	Exceedance, Substantial
SCA-4	Alluvial	35.86347	-106.25728	6703.58	NULL	9/10/2006 0:00	42	2 in	37	41.5	NULL, NULL, Brass monument xyz, Brass monument xyz, Chromium Invstitgation alluvial well in Sandia Canyon	NULL	NULL	Chromium	Sandia	A	NULL	[84]	Ground Elevation updated from MW, Well Diameter [in] updated from MW	Well Info	Exceedance, Substantial
SCA-5	Alluvial	35.86391	-106.25182	6669.02	NULL	9/11/2006 0:00	64.9	2 in	55	64.4	Brass monument xyz, NULL, Brass monument xyz, Brass monument xyz	NULL	MON	Chromium	Sandia	A	NULL	[84]	Well Diameter [in] updated from MW	Well Info	Exceedance
Test Well 2A	Intermediate	35.88468	-106.27104	6650.4	NULL	2/7/1950 0:00	133	8 in	123	133	NULL, TW-2a was completed on 2/07/1950 at a depth of 133 ft (Black and Veatch 1950) P&amp;A 2/8/10	NULL	NULL	General	Los Alamos	PA	NULL	[84]	Ground Elevation updated from MW, Well Diameter [in] updated from MW	Well Info	Exceedance, Substantial
Test Well 3	Regional	35.87328	-106.25908	6626.9	NULL	11/20/1949 0:00	815	10 in	805	815	NULL, TW-3 was completed on 11/20/1949 at a depth of 818 ft (Black and Veatch 1950)., Purtymun elev in error, elev from DEM/LIDAR Broxton/Cole, Purtymun elev in error, elev from DEM/LIDAR Broxton/Cole	NULL	NULL	TA-21	Los Alamos	PA	NULL	[84]	Ground Elevation updated from MW, Well Diameter [in] updated from MW	Well Info	Exceedance, Substantial
Test Well 8	Regional	35.8633	-106.27647	6873.5	NULL	12/15/1960 0:00	1065	8 in	953	1065	NULL, TW-8 was completed on 12/15/1960 at a depth of 1065 ft (Baltz Abrahams, and Purtymun, 1963, p. 50).	NULL	NULL	Chromium	Lower Mortendad	PA	NULL	[84]	Ground Elevation updated from MW, Well Diameter [in] updated from MW	Well Info	Exceedance, Substantial
TMO-1	Alluvial	35.8541	-106.29585	6945.2	Qal	6/9/2008 0:00	6.5	1.5 in	3.5	6.5	Brass Cap, NULL, Brass Cap, Brass Cap	NULL	MON	General	Pajarito	A	NULL	[84]	Geologic Unit Code updated from MW, Well Diameter [in] updated from MW	Well Info	Exceedance, Substantial
41-01003	NULL	35.87704	-106.30272	6968.13	NULL	NULL	NULL	NULL	NULL	NULL	Survey date and accuracy for coordinates and elevation are UNKNOWN. Location Desc:SECOND BOREHOLE/WELL WEST OF TA-41 Notes: Aggregate:, NULL, Survey date and accuracy for coordinates and elevation are UNKNOWN. Location Desc:SECOND BOREHOLE/WELL WEST OF TA-41 Notes: Aggregate:, Survey date and accuracy for coordinates and elevation are UNKNOWN. Location Desc:SECOND BOREHOLE/WELL WEST OF TA-41 Notes: Aggregate:	NULL	MON	General	Los Alamos	NULL	NULL	[84]		Well Info	Substantial
CDBO-7	Alluvial	35.84625	-106.26018	6771.81	NULL	6/1/1992 0:00	44	NULL	29	39	NULL, NULL	NULL	NULL	General	Lower Mortendad	A	NULL	[84]	Ground Elevation updated from MW	Well Info	Substantial
LA-10035	NULL	35.87317	-106.25822	6579	NULL	NULL	NULL	NULL	NULL	NULL	Survey date and accuracy for coordinates and elevation are UNKNOWN. Record created for data migration.  Needs field coordinates., NULL, Survey date and accuracy for coordinates and elevation are UNKNOWN. Record created for data migration.  Needs field coordinates., Survey date and accuracy for coordinates and elevation are UNKNOWN. Record created for data migration.  Needs field coordinates.	NULL	MON	TA-21	Los Alamos	NULL	NULL	[84]		Well Info	Substantial
LA-10066	NULL	35.87635	-106.29457	6900	NULL	NULL	NULL	NULL	NULL	NULL	Survey date and accuracy for coordinates and elevation are UNKNOWN. Record created for data migration.  Needs field coordinates., NULL, Survey date and accuracy for coordinates and elevation are UNKNOWN. Record created for data migration.  Needs field coordinates., Survey date and accuracy for coordinates and elevation are UNKNOWN. Record created for data migration.  Needs field coordinates.	NULL	MON	General	Los Alamos	NULL	NULL	[84]		Well Info	Substantial
LAO-0.7	Alluvial	35.87635	-106.29457	6904	NULL	6/16/1993 0:00	23	2 in	15	20	NULL, NULL, RJK added elev 8/3/05, 2 inch PVC casing, 12 inch diameter steel riser 1 ft. 10.5 inches above ground surface.  Water level 12.19 ft bgs on 6/18/1997.  Purge time 24 min., RJK added elev 8/3/05	NULL	NULL	General	Los Alamos	A	NULL	[84]	Ground Elevation updated from MW, Total Well Depth [ft] updated from MW, Well Diameter [in] updated from MW	Well Info	Substantial
LAO-2	Alluvial	35.87316	-106.25948	NULL	NULL	2/1/1966 0:00	32	NULL	7	32	NULL, NULL	NULL	NULL	TA-21	Los Alamos	A	NULL	[84]		Well Info	Substantial
LAO-4	Alluvial	35.87216	-106.24887	6548	Qal	2/1/1966 0:00	24	3 in	14	24	Elevation revised based on LIDAR surface location pick, NULL, Elevation revised based on LIDAR surface location pick, Elevation revised based on LIDAR surface location pick	NULL	MON	TA-21	Los Alamos	A	NULL	[84]	Geologic Unit Code updated from MW, Well Diameter [in] updated from MW	Well Info	Substantial
LAO-C	Alluvial	35.87906	-106.31164	7049.98	Qal	8/1/1970 0:00	13	3 in	3	13	NULL, NULL	NULL	MON	General	Los Alamos	A	NULL	[84]	Geologic Unit Code updated from MW, Well Diameter [in] updated from MW	Well Info	Substantial
MCA-2	Alluvial	35.86077	-106.27133	6837.2	Qal	10/24/2004 0:00	65	2.1 in	45	60	Brass cap location, NULL, Brass cap location, Brass cap location	NULL	MON	Chromium	Lower Mortendad	A	NULL	[84]	Geologic Unit Code updated from MW, Well Diameter [in] updated from MW	Well Info	Substantial
PAO-4	Alluvial	35.87866	-106.23085	6437.37	Alluvial	7/24/1997 0:00	9.82	6440.77	1.97	6.97	Pueblo Canyon alluvial wellefile N. McCranie ALLU PAO-4. Source Org Code changed to ER/WQH.  Location data from ER, sampled by WQH.  Deleted ULI 170262, duplicate location, changed to Synonym., NULL, Pueblo Canyon alluvial wellefile N. McCranie ALLU PAO-4. Source Org Code changed to ER/WQH.  Location data from ER, sampled by WQH.  Deleted ULI 170262, duplicate location, changed to Synonym., Pueblo Canyon alluvial wellefile N. McCranie ALLU PAO-4. Source Org Code changed to ER/WQH.  Location data from ER, sampled by WQH.  Deleted ULI 170262, duplicate location, changed to Synonym.	NULL	MON	General	Los Alamos	A	NULL	[84]	Geologic Unit Code updated from MW, Well Diameter [in] updated from MW	Well Info	Substantial
PCO-1	Alluvial	35.83716	-106.25843	6687	NULL	6/30/1985 0:00	12	NULL	4	12	NULL, NULL	NULL	NULL	TA-54	Pajarito	A	NULL	[84]	Ground Elevation updated from MW	Well Info	Substantial
R-19 S6	Regional	35.83787	-106.28542	7066.3	Tpf	NULL	NULL	NULL	1726.8	1733.9	Location info taken from Brass Cap survey data in R-19 WCR., NULL, Location info taken from Brass Cap survey data in R-19 WCR., Location info taken from Brass Cap survey data in R-19 WCR.	NULL	MON	General	Pajarito	NULL	NULL	[84]		Well Info	Substantial
R-20 S3	Regional	35.83635	-106.25871	6694.35	Tcar	NULL	NULL	NULL	1328.8	1336.5	NULL, NULL, Location info taken from Brass Monument survey data from R-20 WCR., Location info taken from Brass Monument survey data from R-20 WCR.	NULL	NULL	TA-54	Pajarito	NULL	NULL	[84]	Ground Elevation updated from MW	Well Info	Substantial
R-40	NULL	35.83939	-106.26278	6719.24	NULL	1/5/2009 0:00	895	5	NULL	NULL	Brass cap location, Dual screen 5, Brass cap location, Brass cap location	NULL	MON	TA-54	Pajarito	A	NULL	[84]		Well Info	Substantial
Test Well 1	Regional	35.87036	-106.21751	6369.19	NULL	1/3/1950 0:00	642	8 in	632	642	NULL, TW-1 was completed on 01/03/1950 at a depth of 642 ft (Black and Veatch 1950).	NULL	MON	General	Los Alamos	PA	NULL	[84]	Well Diameter [in] updated from MW	Well Info	Substantial
Test Well 1A	Intermediate	35.87033	-106.21746	6369.28	NULL	1/11/1950 0:00	225	6 in	215	225	NULL, TW-1A was completed on 1/11/1950 at a dpeth of 225 ft (Black and Veatch 1950)	NULL	NULL	General	Los Alamos	PA	NULL	[84]	Ground Elevation updated from MW, Well Diameter [in] updated from MW	Well Info	Substantial
Test Well 4	Regional	35.88574	-106.30533	7244.56	NULL	3/8/1950 0:00	1205	6 in	1195	1205	NULL, TW-4 was completed on 03/08/1950 at a depth of 1205 ft (Black and Veatch 1950).	NULL	NULL	General	Los Alamos	PA	NULL	[84]	Ground Elevation updated from MW, Well Diameter [in] updated from MW	Well Info	Substantial
